id,club_id,club_code,name,domestic_competition_id,total_market_value,squad_size,average_age,foreigners_number,foreigners_percentage,national_team_players,stadium_name,stadium_seats,net_transfer_record,coach_name,last_season
571,105,sv-darmsta,SV Darmstadt 98,L1,,,,,,,,,,,
572,11127,ural-ekate,Ural Yekaterinburg,RU1,,,,,,,,,,,
573,114,besiktas-i,Beֵiktaֵ Jimnastik Kulֳ¼bֳ¼,TR1,,,,,,,,,,,
574,12,as-rom,Associazione Sportiva Roma,IT1,,,,,,,,,,,
575,148,tottenham-,Tottenham Hotspur Football Club,GB1,,,,,,,,,,,
576,157,kaa-gent,Koninklijke Atletiek Associatie Gent,BE1,,,,,,,,,,,
577,1894,hvidovre-i,Hvidovre IF,DK1,,,,,,,,,,,
578,190,fc-kopenha,Football Club Kֳ¸benhavn,DK1,,,,,,,,,,,
579,192,roda-jc-ke,Roda JC Kerkrade,NL1,,,,,,,,,,,
580,19789,yeni-malat,Yeni Malatyaspor,TR1,,,,,,,,,,,
581,2079,veria-nps,Veria NPS,GR1,,,,,,,,,,,
582,21957,ao-platani,AO Platanias,GR1,,,,,,,,,,,
583,2414,ac-horsens,AC Horsens,DK1,,,,,,,,,,,
584,2457,belenenses,B SAD,PO1,,,,,,,,,,,
585,2578,st-johnsto,Saint Johnstone Football Club,SC1,,,,,,,,,,,
586,269,holstein-k,Kieler Sportvereinigung Holstein von 1900,L1,,,,,,,,,,,
587,2727,oud-heverl,Oud-Heverlee Leuven,BE1,,,,,,,,,,,
588,28643,waasland-b,SK Beveren,BE1,,,,,,,,,,,
589,2990,academica-,Acadֳ©mica Coimbra,PO1,,,,,,,,,,,
590,3057,standard-l,Royal Standard Club de Liֳ¨ge,BE1,,,,,,,,,,,
591,3690,ska-khabar,SKA Khabarovsk,RU1,,,,,,,,,,,
592,4795,fc-ingolst,FC Ingolstadt 04,L1,,,,,,,,,,,
593,511,dundee-fc,Dundee Football Club,SC1,,,,,,,,,,,
594,5358,sd-huesca,SD Huesca,ES1,,,,,,,,,,,
595,603,cardiff-ci,Cardiff City,GB1,,,,,,,,,,,
596,60551,sk-dnipro-,SC Dnipro-1,UKR1,,,,,,,,,,,
597,6996,goverla-uz,Goverla Uzhgorod (- 2016),UKR1,,,,,,,,,,,
598,8024,fc-arouca,Futebol Clube de Arouca,PO1,,,,,,,,,,,
599,868,mke-ankara,MKE Ankaragֳ¼cֳ¼,TR1,,,,,,,,,,,
600,903,hibernian-,Hibernian Football Club,SC1,,,,,,,,,,,
601,969,montpellie,Montpellier HSC,FR1,,,,,,,,,,,
602,989,afc-bourne,Association Football Club Bournemouth,GB1,,,,,,,,,,,
603,993,fc-cordoba,Cordoba CF,ES1,,,,,,,,,,,
604,1025,fc-bologna,Bologna Football Club 1909,IT1,,,,,,,,,,,
605,1082,losc-lille,Lille Olympique Sporting Club,FR1,,,,,,,,,,,
606,1160,nimes-olym,Nֳ®mes Olympique,FR1,,,,,,,,,,,
607,11688,giresunspo,Giresunspor,TR1,,,,,,,,,,,
608,124,glasgow-ra,Rangers Football Club,SC1,,,,,,,,,,,
609,1465,gd-estoril,Grupo Desportivo Estoril Praia,PO1,,,,,,,,,,,
610,2477,karpaty-lv,Karpaty Lviv (-2021),UKR1,,,,,,,,,,,
611,2553,kilmarnock,Kilmarnock Football Club,SC1,,,,,,,,,,,
612,2672,apo-levadi,APO Levadiakos Football Club,GR1,,,,,,,,,,,
613,2740,vorskla-po,Vorskla Poltava,UKR1,,,,,,,,,,,
614,3008,hull-city,Hull City,GB1,,,,,,,,,,,
615,31,fc-liverpo,Liverpool Football Club,GB1,,,,,,,,,,,
616,336,sporting-l,Sporting Clube de Portugal,PO1,,,,,,,,,,,
617,3911,stade-bres,Stade brestois 29,FR1,,,,,,,,,,,
618,4,1-fc-nurnb,1.FC Nuremberg,L1,,,,,,,,,,,
619,410,udinese-ca,Udinese Calcio,IT1,,,,,,,,,,,
620,41231,fk-sochi,FC Sochi,RU1,,,,,,,,,,,
621,4128,amkar-perm,Amkar Perm,RU1,,,,,,,,,,,
622,449,trabzonspo,Trabzonspor Kulֳ¼bֳ¼,TR1,,,,,,,,,,,
623,4603,ae-larisa,AE Larisa,GR1,,,,,,,,,,,
624,55686,metalist-1,Metalist 1925 Kharkiv,UKR1,,,,,,,,,,,
625,566,beerschot-,Beerschot AC,BE1,,,,,,,,,,,
626,595,sc-bastia,SC Bastia,FR1,,,,,,,,,,,
627,6890,istanbul-b,ִ°stanbul Baֵakֵehir Futbol Kulֳ¼bֳ¼,TR1,,,,,,,,,,,
628,7185,panthrakik,Panthrakikos Komotini,GR1,,,,,,,,,,,
629,83678,metal-khar,Metalist Kharkiv,UKR1,,,,,,,,,,,
630,932,lokomotiv-,"׀₪ׁƒׁ‚׀±׀¾׀»ׁ׀½ׁ‹׀¹ ׀÷׀»ׁƒ׀± ""׀›׀¾׀÷׀¾׀¼׀¾ׁ‚׀¸׀²"" ׀׀¾ׁ׀÷׀²׀°",RU1,,,,,,,,,,,
631,1010,fc-watford,Watford FC,GB1,,,,,,,,,,,
632,1108,deportivo-,Deportivo Alaves,ES1,,,,,,,,,,,
633,1124,fakel-voro,FK Fakel Voronezh,RU1,,,,,,,,,,,
634,1158,fc-lorient,FC Lorient,FR1,,,,,,,,,,,
635,1177,silkeborg-,Silkeborg Idrֳ¦tsforening,DK1,,,,,,,,,,,
636,13,atletico-m,Atletico Madrid,ES1,,,,,,,,,,,
637,131,fc-barcelo,Futbol Club Barcelona,ES1,,,,,,,,,,,
638,133,sc-cambuur,SC Cambuur Leeuwarden,NL1,,,,,,,,,,,
639,141,galatasara,Galatasaray Spor Kulֳ¼bֳ¼,TR1,,,,,,,,,,,
640,1411,raec-mons,RAEC Mons (- 2015),BE1,,,,,,,,,,,
641,169,panionios-,Panionios Athens,GR1,,,,,,,,,,,
642,18,borussia-m,Borussia Munchengladbach,L1,,,,,,,,,,,
643,18105,pfk-lviv,PFK Lviv,UKR1,,,,,,,,,,,
644,2036,1-fc-heide, Heidenheim 1846,L1,,,,,,,,,,,
645,273,fc-stade-r,Stade Rennais Football Club,FR1,,,,,,,,,,,
646,3325,gd-chaves,GD Chaves,PO1,,,,,,,,,,,
647,3327,fc-penafie,FC Penafiel,PO1,,,,,,,,,,,
648,366,real-valla,Real Valladolid,ES1,,,,,,,,,,,
649,4294,sc-farense,Sporting Clube Farense,PO1,,,,,,,,,,,
650,44006,bodrumspor,Bodrumspor Spor Faaliyetleri Anonim ֵirketi,TR1,,,,,,,,,,,
651,458,palermo-fc,Palermo FC,IT1,,,,,,,,,,,
652,46,inter-mail,Football Club Internazionale Milano S.p.A.,IT1,,,,,,,,,,,
653,5220,gs-ergotel,GS Ergotelis,GR1,,,,,,,,,,,
654,5572,niki-volou,Niki Volou,GR1,,,,,,,,,,,
655,5817,sonderjysk,Sֳ¸nderjyske Fodbold,DK1,,,,,,,,,,,
656,605,aris-thess,Aris Thessalonikis,GR1,,,,,,,,,,,
657,995,fc-nantes,Football Club de Nantes,FR1,,,,,,,,,,,
658,1003,leicester-,Leicester City Football Club,GB1,,,,,,,,,,,
659,1047,como-1907,Calcio Como,IT1,,,,,,,,,,,
660,1237,brighton-a,Brighton and Hove Albion Football Club,GB1,,,,,,,,,,,
661,1436,sc-beira-m,SC Beira-Mar,PO1,,,,,,,,,,,
662,1455,fc-dordrec,FC Dordrecht,NL1,,,,,,,,,,,
663,14589,fk-orenbur,FC Orenburg,RU1,,,,,,,,,,,
664,1519,dundee-uni,Dundee United Football Club,SC1,,,,,,,,,,,
665,16239,desna-cher,Desna Chernigiv,UKR1,,,,,,,,,,,
666,173,odense-bol,Odense Boldklub,DK1,,,,,,,,,,,
667,200,fc-utrecht,Football Club Utrecht,NL1,,,,,,,,,,,
668,206,brondby-if,Brֳ¸ndby Idrֳ¦tsforening,DK1,,,,,,,,,,,
669,2715,rfc-serain,RFC Seraing,BE1,,,,,,,,,,,
670,28956,ael-kallon,AEL Kalloni,GR1,,,,,,,,,,,
685,2969,dijon-fco,Dijon FCO,FR1,,,,,,,,,,,
686,2995,fc-pacos-d,FC Paֳ§os de Ferreira,PO1,,,,,,,,,,,
687,3426,esbjerg-fb,Esbjerg fB,DK1,,,,,,,,,,,
688,3522,spezia-cal,Spezia Calcio,IT1,,,,,,,,,,,
689,3609,rotor-volg,Rotor Volgograd,RU1,,,,,,,,,,,
690,39097,fk-obolon-,FK Obolon Kyiv,UKR1,,,,,,,,,,,
691,39722,buyuksehir,Erzurumspor FK,TR1,,,,,,,,,,,
692,40,fc-girondi,FC Girondins Bordeaux,FR1,,,,,,,,,,,
693,41274,beerschot-,Koninklijke Beerschot Voetbalclub Antwerpen,BE1,,,,,,,,,,,
694,43,heart-of-m,Heart of Midlothian Football Club,SC1,,,,,,,,,,,
695,47,iraklis-th,Iraklis Thessaloniki,GR1,,,,,,,,,,,
696,4750,sc-olhanen,SC Olhanense,PO1,,,,,,,,,,,
697,589,antalyaspo,Antalyaspor,TR1,,,,,,,,,,,
698,6,adanaspor,Adanaspor,TR1,,,,,,,,,,,
699,6195,ssc-neapel,Sportiva Calcio Napoli,IT1,,,,,,,,,,,
700,82,vfl-wolfsb,VLF Wolfsburg,L1,,,,,,,,,,,
701,1050,fc-villarr,Villarreal CF,ES1,,,,,,,,,,,
702,1096,royal-antw,Royal Antwerp Football Club,BE1,,,,,,,,,,,
703,1147,ac-ajaccio,AC Ajaccio,FR1,,,,,,,,,,,
704,130,parma-calc,Parma Calcio 1913,IT1,,,,,,,,,,,
705,1429,cesena-fc,Cesena FC,IT1,,,,,,,,,,,
706,15,bayer-04-l,Bayer 04 Leverkusen,L1,,,,,,,,,,,
707,16247,pfk-stal-k,PFK Stal Kamyanske (-2018),UKR1,,,,,,,,,,,
708,20100,fc-vestsja,FC Vestsjaelland,DK1,,,,,,,,,,,
709,20698,balikesirs,Balikesirspor,TR1,,,,,,,,,,,
710,2323,orduspor,Orduspor,TR1,,,,,,,,,,,
711,2722,spal,SPAL,IT1,,,,,,,,,,,
712,276,hellas-ver,Verona Hellas Football Club,IT1,,,,,,,,,,,
713,3329,fc-famalic,Futebol Clube de Famalicֳ£o,PO1,,,,,,,,,,,
714,3691,tom-tomsk,Tom Tomsk,RU1,,,,,,,,,,,
715,370,aberdeen-f,Aberdeen Football Club,SC1,,,,,,,,,,,
716,475,vv-st-trui,Koninklijke Sint-Truidense Voetbalvereniging,BE1,,,,,,,,,,,
717,49364,ingulets-p,FC Ingulets Petrove,UKR1,,,,,,,,,,,
718,498,ksc-lokere,KSC Lokeren (- 2020),BE1,,,,,,,,,,,
719,524,gazianteps,Gaziantepspor (- 2020),TR1,,,,,,,,,,,
720,553,ionikos-ni,Ionikos Nikeas,GR1,,,,,,,,,,,
721,642,de-graafsc,De Graafschap Doetinchem,NL1,,,,,,,,,,,
722,6676,asteras-tr,A.G.S Asteras Tripolis,GR1,,,,,,,,,,,
723,703,nottingham,Nottingham Forest Football Club,GB1,,,,,,,,,,,
724,80,vfl-bochum, Bochum 1848,L1,,,,,,,,,,,
725,976,cf-uniao-m,CF Uniֳ£o Madeira (-2021),PO1,,,,,,,,,,,
726,1031,luton-town,Luton Town,GB1,,,,,,,,,,,
727,1071,wigan-athl,Wigan Athletic,GB1,,,,,,,,,,,
728,1090,az-alkmaar,Alkmaar Zaanstreek,NL1,,,,,,,,,,,
729,1110,huddersfie,Huddersfield Town,GB1,,,,,,,,,,,
730,11126,mordovia-s,Mordovia Saransk (-2020),RU1,,,,,,,,,,,
731,1159,as-nancy-l,AS Nancy-Lorraine,FR1,,,,,,,,,,,
732,12438,volga-nizh,Volga Nizhniy Novgorod (- 2016),RU1,,,,,,,,,,,
733,1301,cs-maritim,CS Marֳ­timo,PO1,,,,,,,,,,,
734,1304,heracles-a,Heracles Almelo,NL1,,,,,,,,,,,
735,1421,stade-reim,Stade de Reims,FR1,,,,,,,,,,,
736,1423,fc-valenci,Valenciennes FC,FR1,,,,,,,,,,,
737,162,as-monaco,Association sportive de Monaco Football Club,FR1,,,,,,,,,,,
738,20,bursaspor,Bursaspor,TR1,,,,,,,,,,,
739,235,rkc-waalwi,Rooms Katholieke Combinatie Waalwijk,NL1,,,,,,,,,,,
740,24,eintracht-,Eintracht Frankfurt ,L1,,,,,,,,,,,
741,2441,aek-athen,Athlitiki Enosi Konstantinoupoleos,GR1,,,,,,,,,,,
742,2861,kv-oostend,KV Oostende,BE1,,,,,,,,,,,
743,294,benfica-li,Sport Lisboa e Benfica,PO1,,,,,,,,,,,
744,3060,atromitos-,APS Atromitos Athinon,GR1,,,,,,,,,,,
745,331,ca-osasuna,CA Osasuna,ES1,,,,,,,,,,,
746,3336,desportivo,Desportivo Aves (- 2020),PO1,,,,,,,,,,,
747,3709,fc-getafe,Getafe CF,ES1,,,,,,,,,,,
748,383,psv-eindho,Eindhovense Voetbalvereniging Philips Sport Vereniging,NL1,,,,,,,,,,,
749,499,vitesse-ar,Vitesse Arnhem,NL1,,,,,,,,,,,
750,610,ajax-amste,AFC Ajax Amsterdam,NL1,,,,,,,,,,,
751,6414,metalist-k,Metalist Kharkiv (- 2016),UKR1,,,,,,,,,,,
752,6993,fk-mariupo,FK Mariupol,UKR1,,,,,,,,,,,
753,71985,akron-togl,Akron Togliatti,RU1,,,,,,,,,,,
754,750,fc-sochaux,FC Sochaux MontbEliard,FR1,,,,,,,,,,,
755,762,newcastle-,Newcastle United Football Club,GB1,,,,,,,,,,,
756,825,eskisehirs,Eskisehirspor,TR1,,,,,,,,,,,
757,86209,fk-livyi-b,FK Livyi Bereh,UKR1,,,,,,,,,,,
758,1041,olympique-,Olympique Lyonnais,FR1,,,,,,,,,,,
759,10690,zorya-luga,FC Zorya Lugansk,UKR1,,,,,,,,,,,
760,1084,fc-malaga,Malaga CF,ES1,,,,,,,,,,,
761,1148,fc-brentfo,Brentford Football Club,GB1,,,,,,,,,,,
762,1162,sm-caen,SM Caen,FR1,,,,,,,,,,,
763,1184,krc-genk,Koninklijke Racing Club Genk,BE1,,,,,,,,,,,
764,1186,torpedo-mo,Torpedo Moscow,RU1,,,,,,,,,,,
765,128,ao-xanthi,AO Xanthi,GR1,,,,,,,,,,,
766,1283,fc-emmen,FC Emmen,NL1,,,,,,,,,,,
767,142,real-sarag,Real Zaragoza,ES1,,,,,,,,,,,
768,16,borussia-d,Borussia Dortmund,L1,,,,,,,,,,,
769,202,fc-groning,Football Club Groningen,NL1,,,,,,,,,,,
770,2288,swansea-ci,Swansea City,GB1,,,,,,,,,,,
771,237,rcd-mallor,Real Club Deportivo Mallorca S.A.D.,ES1,,,,,,,,,,,
772,2381,sivasspor,Sivasspor Kulֳ¼bֳ¼,TR1,,,,,,,,,,,
773,2423,cd-santa-c,Clube Desportivo Santa Clara,PO1,,,,,,,,,,,
774,2425,rio-ave-fc,Rio Ave Futebol Clube,PO1,,,,,,,,,,,
775,2451,inverness-,Inverness Caledonian Thistle FC,SC1,,,,,,,,,,,
776,265,panathinai,Panathinaikos Athlitikos Omilos,GR1,,,,,,,,,,,
777,2832,gaziantep-,Gaziantep Futbol Kulֳ¼bֳ¼ A.ֵ.,TR1,,,,,,,,,,,
778,35,fc-st-paul,St. Pauli von 1910,L1,,,,,,,,,,,
779,3558,gfc-ajacci,GFC Ajaccio,FR1,,,,,,,,,,,
780,4102,carpi-fc-1,AC Carpi,IT1,,,,,,,,,,,
781,42,hannover-9,Hannover 96,L1,,,,,,,,,,,
782,641,fc-middles,Middlesbrough FC,GB1,,,,,,,,,,,
783,667,rc-strassb,Racing Club de Strasbourg Alsace,FR1,,,,,,,,,,,
784,681,real-socie,Real Sociedad,ES1,,,,,,,,,,,
785,873,crystal-pa,Crystal Palace Football Club,GB1,,,,,,,,,,,
786,1032,fc-reading,Reading FC,GB1,,,,,,,,,,,
787,1039,queens-par,Queens Park Rangers,GB1,,,,,,,,,,,
788,1244,cd-leganes,Club Deportivo Legans,ES1,,,,,,,,,,,
789,14171,thonon-evi,Thonon Evian Grand Geneve FC,FR1,,,,,,,,,,,
790,16704,fk-krasnod,FK Krasnodar,RU1,,,,,,,,,,,
791,19771,akhisarspo,Akhisarspor,TR1,,,,,,,,,,,
792,244,olympique-,Olympique de Marseille,FR1,,,,,,,,,,,
793,29228,royal-exce,Royal Excel Mouscron (-2022),BE1,,,,,,,,,,,
794,3216,mersin-idm,Mersin Talimyurdu SK,TR1,,,,,,,,,,,
795,3508,sv-zulte-w,SV Zulte Waregem,BE1,,,,,,,,,,,
796,354,kv-mechele,Yellow-Red Koninklijke Voetbalclub Mechelen,BE1,,,,,,,,,,,
797,367,rayo-valle,Rayo Vallecano de Madrid S.A.D.,ES1,,,,,,,,,,,
798,379,west-ham-u,West Ham United Football Club,GB1,,,,,,,,,,,
799,380,us-salerni,US Salernitana 1919,IT1,,,,,,,,,,,
800,403,willem-ii-,Willem II,NL1,,,,,,,,,,,
801,40426,fk-tosno,FC Tosno (-2018),RU1,,,,,,,,,,,
802,41,hamburger-,Hamburger SV,L1,,,,,,,,,,,
803,443,vejle-bold,Vejle Boldklub,DK1,,,,,,,,,,,
804,5724,randers-fc,Randers Fodbold Club,DK1,,,,,,,,,,,
805,601,kv-kortrij,Koninklijke Voetbalclub Kortrijk,BE1,,,,,,,,,,,
806,79,vfb-stuttg,Bewegungsspiele Stuttgart 1893,L1,,,,,,,,,,,
807,86,sv-werder-,Sportverein Werder Bremen von 1899,L1,,,,,,,,,,,
808,931,fc-fulham,Fulham Football Club,GB1,,,,,,,,,,,
809,964,zenit-st-p,AO FK Zenit Sankt-Peterburg,RU1,,,,,,,,,,,
810,1123,norwich-ci,Norwich City,GB1,,,,,,,,,,,
811,1268,ado-den-ha,ADO Den Haag,NL1,,,,,,,,,,,
812,1506,kardemir-k,Kardemir Karabֳ¼kspor,TR1,,,,,,,,,,,
813,1531,fc-elche,Elche CF,ES1,,,,,,,,,,,
814,2282,fc-brugge,Club Brugge Koninklijke Voetbalvereniging,BE1,,,,,,,,,,,
815,2293,konyaspor,Konyaspor,TR1,,,,,,,,,,,
816,23611,olimpik-do,Olimpik Donetsk,UKR1,,,,,,,,,,,
817,2431,cf-estrela,Club Football Estrela da Amadora,PO1,,,,,,,,,,,
818,2698,rubin-kaza,FC Rubin Kazan,RU1,,,,,,,,,,,
819,2760,partick-th,Partick Thistle FC,SC1,,,,,,,,,,,
820,2944,ankaraspor,Ankaraspor,TR1,,,,,,,,,,,
821,36,fenerbahce,Fenerbahֳ§e Spor Kulֳ¼bֳ¼,TR1,,,,,,,,,,,
822,385,fortuna-si,Fortuna Sittardia Combinatie,NL1,,,,,,,,,,,
823,468,sparta-rot,Sparta Rotterdam,NL1,,,,,,,,,,,
824,583,fc-paris-s,Paris Saint-Germain Football Club,FR1,,,,,,,,,,,
825,621,athletic-b,Athletic Club Bilbao,ES1,,,,,,,,,,,
826,65,spvgg-greu,SpVgg Greuther,L1,,,,,,,,,,,
827,6646,fatih-kara,Fatih Karagֳ¼mrֳ¼k,TR1,,,,,,,,,,,
828,677,ipswich-to,Ipswich Town Football Club,GB1,,,,,,,,,,,
829,683,olympiakos,Olympiakos Syndesmos Filathlon Peiraios,GR1,,,,,,,,,,,
830,723,almere-cit,Almere City Football Club,NL1,,,,,,,,,,,
831,855,ea-guingam,EA Guingamp,FR1,,,,,,,,,,,
832,924,istanbulsp,Istanbulspor,TR1,,,,,,,,,,,
833,968,kvc-wester,Koninklijke Voetbal Club Westerlo,BE1,,,,,,,,,,,
834,985,manchester,Manchester United Football Club,GB1,,,,,,,,,,,
835,11282,alanyaspor,Alanyaspor,TR1,,,,,,,,,,,
836,1132,fc-burnley,Burnley FC,GB1,,,,,,,,,,,
837,1435,go-ahead-e,Go Ahead Eagles,NL1,,,,,,,,,,,
838,150,real-betis,Real Betis ,ES1,,,,,,,,,,,
839,152,samsunspor,Samsunspor,TR1,,,,,,,,,,,
840,172,rsc-charle,Royal Charleroi Sporting Club,BE1,,,,,,,,,,,
841,18303,fk-oleksan,FC Oleksandriya,UKR1,,,,,,,,,,,
842,2410,zska-moska,PFK CSKA Moskva,RU1,,,,,,,,,,,
843,2503,boavista-p,Boavista Futebol Clube,PO1,,,,,,,,,,,
844,26459,nk-veres-r,NK Veres Rivne,UKR1,,,,,,,,,,,
845,2671,pas-gianni,PAS Giannina,GR1,,,,,,,,,,,
846,2700,anzhi-makh,Anzhi Makhachkala ( -2022),RU1,,,,,,,,,,,
847,28095,fk-ufa,FK Ufa,RU1,,,,,,,,,,,
848,2999,hamilton-a,Hamilton Academical FC,SC1,,,,,,,,,,,
849,3368,ud-levante,Levante UD,ES1,,,,,,,,,,,
850,338,dynamo-kie,Futbolniy Klub Dynamo Kyiv,UKR1,,,,,,,,,,,
851,371,celtic-gla,The Celtic Football Club,SC1,,,,,,,,,,,
852,506,juventus-t,Juventus Football Club,IT1,,,,,,,,,,,
853,618,as-saint-e,AS Saint Etienne,FR1,,,,,,,,,,,
854,6992,chornomore,ZAO FK Chornomorets Odessa,UKR1,,,,,,,,,,,
855,75231,fk-makhach,Dinamo Makhachkala,RU1,,,,,,,,,,,
856,820,genclerbir,Genclerbirligi Ankara,TR1,,,,,,,,,,,
857,1083,fk-rostov,FK Rostov,RU1,,,,,,,,,,,
858,1095,es-troyes-,ESTAC Troyes,FR1,,,,,,,,,,,
859,121,dinamo-mos,FK Dinamo Moskva,RU1,,,,,,,,,,,
860,1420,sco-angers,Angers Sporting Club de l'Ouest,FR1,,,,,,,,,,,
861,16245,fk-sevasto,FK Sevastopol (- 2014),UKR1,,,,,,,,,,,
862,22110,fc-helsing,FC Helsingֳ¶r,DK1,,,,,,,,,,,
863,23826,rasenballs,RasenBallsport Leipzig,L1,,,,,,,,,,,
864,24245,umraniyesp,ֳmraniyespor,TR1,,,,,,,,,,,
865,2687,fc-cadiz,Cadiz CF,ES1,,,,,,,,,,,
866,2696,krylya-sov,PFK Krylya Sovetov Samara,RU1,,,,,,,,,,,
867,2919,ac-monza,Associazione Calcio Monza,IT1,,,,,,,,,,,
868,317,fc-twente-,Football Club Twente,NL1,,,,,,,,,,,
869,3209,pendikspor,Pendikspor,TR1,,,,,,,,,,,
870,339,dnipro-dni,Dnipro Dnipropetrovsk (-2020),UKR1,,,,,,,,,,,
871,3524,clermont-f,Clermont Foot 63,FR1,,,,,,,,,,,
872,398,lazio-rom,Sportiva Lazio S.p.A.,IT1,,,,,,,,,,,
873,4171,benevento-,Benevento Calcio,IT1,,,,,,,,,,,
874,418,real-madri,Real Madrid,ES1,,,,,,,,,,,
875,49702,fk-nizhny-,FK Nizhny Novgorod,RU1,,,,,,,,,,,
876,54189,rwd-molenb,RWD Molenbeek,BE1,,,,,,,,,,,
877,6574,us-sassuol,US Sassuolo,IT1,,,,,,,,,,,
878,7179,cd-tondela,CD Tondela,PO1,,,,,,,,,,,
879,720,fc-porto,Futebol Clube do Porto,PO1,,,,,,,,,,,
880,738,ac-le-havr,Le Havre Athletic Club,FR1,,,,,,,,,,,
881,89,1-fc-union,Union Berlin,L1,,,,,,,,,,,
882,940,celta-vigo,Real Club Celta de Vigo S. A. D.,ES1,,,,,,,,,,,
883,1387,acn-siena-,Siena FC,IT1,,,,,,,,,,,
884,1390,cagliari-c,Cagliari Calcio,IT1,,,,,,,,,,,
885,1416,amiens-sc,Amiens SC,FR1,,,,,,,,,,,
886,1467,goztepe,Gֳ¶ztepe Sportif Yatִ±rִ±mlar A.ֵ.,TR1,,,,,,,,,,,
887,167,fc-augsbur,Augsburg 1907,L1,,,,,,,,,,,
888,232,spartak-mo,FK Spartak Moskva,RU1,,,,,,,,,,,
889,2420,vitoria-gu,Vitֳ³ria Sport Clube,PO1,,,,,,,,,,,
890,2424,gil-vicent,Gil Vicente Futebol Clube,PO1,,,,,,,,,,,
891,2439,kuban-kras,Kuban Krasnodar (-2018),RU1,,,,,,,,,,,
892,2703,spartak-vl,Spartak Vladikavkaz (-2020),RU1,,,,,,,,,,,
893,289,afc-sunder,Sunderland AFC,GB1,,,,,,,,,,,
894,2921,delfino-pe,Delfino Pescara 1936,IT1,,,,,,,,,,,
895,3,1-fc-koln,1.FC Koln,L1,,,,,,,,,,,
896,3719,fk-khimki,FK Khimki,RU1,,,,,,,,,,,
897,3729,arsenal-tu,Arsenal Tula,RU1,,,,,,,,,,,
898,3840,adana-demi,Adana Demirspor Kulֳ¼bֳ¼,TR1,,,,,,,,,,,
899,430,ac-florenz,Associazione Calcio Fiorentina,IT1,,,,,,,,,,,
900,4482,volyn-luts,Volyn Lutsk,UKR1,,,,,,,,,,,
901,48726,rukh-lviv,FC Rukh Lviv,UKR1,,,,,,,,,,,
902,5,ac-mailand,Associazione Calcio Milan,IT1,,,,,,,,,,,
903,512,stoke-city,Stoke City,GB1,,,,,,,,,,,
904,5818,hobro-ik,Hobro IK,DK1,,,,,,,,,,,
905,60949,volos-nps,Volou Neos Podosferikos Syllogos,GR1,,,,,,,,,,,
906,678,aarhus-gf,Aarhus Gymnastik Forening,DK1,,,,,,,,,,,
907,7775,hatayspor,Hatayspor Futbol Kulֳ¼bֳ¼,TR1,,,,,,,,,,,
908,826,rc-lens,Racing Club de Lens,FR1,,,,,,,,,,,
909,8838,zirka-krop,Zirka Kropyvnytskyi,UKR1,,,,,,,,,,,
910,897,deportivo-,Deportivo de La Corunia,ES1,,,,,,,,,,,
911,987,motherwell,Motherwell Football Club,SC1,,,,,,,,,,,
912,1063,viborg-ff,Viborg Fodsports Forening,DK1,,,,,,,,,,,
913,1085,vitoria-se,Vitֳ³ria Setֳ÷bal FC,PO1,,,,,,,,,,,
914,11,fc-arsenal,Arsenal Football Club,GB1,,,,,,,,,,,
915,126,caykur-riz,ֳ‡aykur Rizespor Kulֳ¼bֳ¼,TR1,,,,,,,,,,,
916,1627,catania-ca,Catania FC,IT1,,,,,,,,,,,
917,16795,fc-granada,Granada CF,ES1,,,,,,,,,,,
918,204,lierse-sk,Lierse SK (- 2018),BE1,,,,,,,,,,,
919,2227,sk-tavriya,SK Tavriya Simferopol ( - 2022),UKR1,,,,,,,,,,,
920,2239,us-cremone,US Cremonese,IT1,,,,,,,,,,,
921,252,genua-cfc,Genoa Cricket and Football Club,IT1,,,,,,,,,,,
922,281,manchester,Manchester City Football Club,GB1,,,,,,,,,,,
923,3302,ud-almeria,UD Almeria,ES1,,,,,,,,,,,
924,39,1-fsv-main,Mainz 05,L1,,,,,,,,,,,
925,3999,pas-lamia-,PAS Lamia 1964,GR1,,,,,,,,,,,
926,405,aston-vill,Aston Villa Football Club,GB1,,,,,,,,,,,
927,441,apollon-sm,Apollon Smyrnis,GR1,,,,,,,,,,,
928,5219,aok-kerkyr,AOK Kerkyra,GR1,,,,,,,,,,,
929,543,wolverhamp,Wolverhampton Wanderers Football Club,GB1,,,,,,,,,,,
930,60,sc-freibur,Sport-Club Freiburg,L1,,,,,,,,,,,
931,61825,fk-minaj,FC Minaj,UKR1,,,,,,,,,,,
932,63007,lnz-lebedy,LNZ Cherkasy,UKR1,,,,,,,,,,,
933,660,shakhtar-d,FC Shakhtar Donetsk,UKR1,,,,,,,,,,,
934,6894,kayseri-er,Kayseri Erciyesspor,TR1,,,,,,,,,,,
935,6912,fc-vizela,FC Vizela,PO1,,,,,,,,,,,
936,714,espanyol-b,Reial Club Deportiu Espanyol de Barcelona S.A.D.,ES1,,,,,,,,,,,
937,798,sbv-excels,Excelsior Rotterdam,NL1,,,,,,,,,,,
938,862,chievo-ver,Chievo Verona,IT1,,,,,,,,,,,
939,8970,frosinone-,Frosinone Calcio,IT1,,,,,,,,,,,
940,9007,arsenal-ki,Arsenal Kyiv,UKR1,,,,,,,,,,,
941,12321,fc-girona,Girona FC,ES1,,,,,,,,,,,
942,1241,livingston,Livingston FC,SC1,,,,,,,,,,,
943,127,sc-paderbo,SC Paderborn 07,L1,,,,,,,,,,,
944,19,brescia-ca,Brescia Calcio,IT1,,,,,,,,,,,
945,23,eintracht-,Eintracht Braunschweig,L1,,,,,,,,,,,
946,33,fc-schalke,FC Schalke 04,L1,,,,,,,,,,,
947,350,sheffield-,Sheffield United,GB1,,,,,,,,,,,
948,3592,kryvbas-kr,FK Kryvbas Kryvyi Rig,UKR1,,,,,,,,,,,
949,369,lyngby-bk,Lyngby Boldklubben af 1921,DK1,,,,,,,,,,,
950,3725,akhmat-gro,RFK Akhmat Grozny,RU1,,,,,,,,,,,
951,41201,pfk-tambov,PFK Tambov (-2021),RU1,,,,,,,,,,,
952,472,ud-las-pal,Deportiva Las Palmas S.A.D.,ES1,,,,,,,,,,,
953,520,cercle-bru,Cercle Brugge Koninklijke Sportvereniging,BE1,,,,,,,,,,,
954,6418,panetoliko,Panetolikos Agrinio,GR1,,,,,,,,,,,
955,653,ofi-kreta,Omilos Filathlon Irakliou FC,GR1,,,,,,,,,,,
956,6994,metalurg-z,Metalurg Zaporizhya (-2016),UKR1,,,,,,,,,,,
957,7378,portimonen,Portimonense SC,PO1,,,,,,,,,,,
958,9010,fcv-dender,FC Verbroedering Denderhoutem Denderleeuw Eendracht Hekelgem,BE1,,,,,,,,,,,
959,982,cd-naciona,Clube Desportivo Nacional,PO1,,,,,,,,,,,
960,1005,us-lecce,Unione Sportiva Lecce,IT1,,,,,,,,,,,
961,1038,sampdoria-,UC Sampdoria,IT1,,,,,,,,,,,
962,1091,paok-thess,Panthessalonikios Athlitikos Omilos Konstantinoupoliton,GR1,,,,,,,,,,,
963,110302,avs-futebo,Avs - Futebol SAD,PO1,,,,,,,,,,,
964,1210,as-livorno,US Livorno 1915,IT1,,,,,,,,,,,
965,1245,kas-eupen,KAS Eupen,BE1,,,,,,,,,,,
966,1426,vvv-venlo,VVV-Venlo,NL1,,,,,,,,,,,
967,1533,sd-eibar,SD Eibar,ES1,,,,,,,,,,,
968,180,fc-southam,Southampton Football Club,GB1,,,,,,,,,,,
969,19657,vendsyssel,Vendsyssel FF,DK1,,,,,,,,,,,
970,234,feyenoord-,Feyenoord Rotterdam,NL1,,,,,,,,,,,
971,2375,altay-sk,Altay SK,TR1,,,,,,,,,,,
972,2448,sporting-g,Sporting Gijon,ES1,,,,,,,,,,,
973,2741,baltika-ka,Baltika Kaliningrad,RU1,,,,,,,,,,,
974,2783,metalurg-d,Metalurg Donetsk (- 2015),UKR1,,,,,,,,,,,
975,3205,kayserispo,Kayserispor Kulֳ¼bֳ¼,TR1,,,,,,,,,,,
976,3349,cd-feirens,CD Feirense,PO1,,,,,,,,,,,
977,3385,panserraik,Panserraikos Serres,GR1,,,,,,,,,,,
978,368,fc-sevilla,Sevilla FC,ES1,,,,,,,,,,,
979,38,fortuna-du,Fortuna Disseldorf,L1,,,,,,,,,,,
980,3948,royale-uni,Royale Union Saint-Gilloise,BE1,,,,,,,,,,,
981,415,fc-toulous,Toulouse Football Club,FR1,,,,,,,,,,,
982,416,fc-turin,Torino Calcio,IT1,,,,,,,,,,,
983,417,ogc-nizza,Olympique Gymnaste Club Nice ,FR1,,,,,,,,,,,
984,44,hertha-bsc,Hertha BSC,L1,,,,,,,,,,,
985,467,nec-nijmeg,Nijmegen Eendracht Combinatie,NL1,,,,,,,,,,,
986,53646,fk-polissy,FK Polissya Zhytomyr,UKR1,,,,,,,,,,,
987,631,fc-chelsea,Chelsea Football Club,GB1,,,,,,,,,,,
988,7160,eyupspor,Eyֳ¼p Spor Kulֳ¼bֳ¼,TR1,,,,,,,,,,,
989,749,fc-empoli,Empoli Football Club S.r.l.,IT1,,,,,,,,,,,
990,833,denizlispo,Denizlispor,TR1,,,,,,,,,,,
991,865,fc-midtjyl,Fodbold Club Midtjylland,DK1,,,,,,,,,,,
992,10,arminia-bi,Arminia Bielefeld,L1,,,,,,,,,,,
993,10484,kasimpasa,Kasִ±mpaֵa Spor Kulֳ¼bֳ¼,TR1,,,,,,,,,,,
994,1049,fc-valenci,Valencia CF,ES1,,,,,,,,,,,
995,1053,aalborg-bk,Aalborg Boldspilklub,DK1,,,,,,,,,,,
996,1075,sc-braga,Sporting Clube de Braga,PO1,,,,,,,,,,,
997,1269,pec-zwolle,Prins Hendrik Ende Desespereert Nimmer Combinatie Zwolle,NL1,,,,,,,,,,,
998,132,nac-breda,Nooit Opgeven Altijd Doorzetten Aangenaam Door Vermaak En Nuttig Door Ontspanning Combinatie Breda,NL1,,,,,,,,,,,
999,2292,elazigspor,Elazigspor,TR1,,,,,,,,,,,
1000,27,fc-bayern-,FC Bayern Minchen,L1,,,,,,,,,,,
1001,2759,ross-count,Ross County Football Club,SC1,,,,,,,,,,,
1002,2778,fc-nordsja,Fodbold Club Nordsjֳ¦lland,DK1,,,,,,,,,,,
1003,29,fc-everton,Everton Football Club,GB1,,,,,,,,,,,
1004,290,aj-auxerre,Association de la Jeunesse auxerroise,FR1,,,,,,,,,,,
1005,30120,ae-kifisia,AE Kifisias,GR1,,,,,,,,,,,
1006,306,sc-heerenv,Sportclub Heerenveen,NL1,,,,,,,,,,,
1007,3062,gs-kallith,Athens Kallithea Football Club,GR1,,,,,,,,,,,
1008,3268,casa-pia-a,Casa Pia Atlֳ©tico Clube,PO1,,,,,,,,,,,
1009,347,fc-metz,FC Metz,FR1,,,,,,,,,,,
1010,3714,enisey-kra,Enisey Krasnoyarsk,RU1,,,,,,,,,,,
1011,399,leeds-unit,Leeds United,GB1,,,,,,,,,,,
1012,4083,fc-crotone,FC Crotone,IT1,,,,,,,,,,,
1013,465,st-mirren-,Saint Mirren Football Club,SC1,,,,,,,,,,,
1014,48332,kolos-kova,FK Kolos Kovalivka,UKR1,,,,,,,,,,,
1015,533,tsg-1899-h,Sportgemeinschaft 1899 Hoffenheim,L1,,,,,,,,,,,
1016,58,rsc-anderl,Royal Sporting Club Anderlecht,BE1,,,,,,,,,,,
1017,607,venezia-fc,Venezia Football Club,IT1,,,,,,,,,,,
1018,68608,cf-os-bele,CF Os Belenenses,PO1,,,,,,,,,,,
1019,724,fc-volenda,FC Volendam,NL1,,,,,,,,,,,
1020,800,atalanta-b,Atalanta Bergamasca Calcio S.p.a.,IT1,,,,,,,,,,,
1021,85465,karpaty-lv,FK Karpaty Lviv,UKR1,,,,,,,,,,,
1022,979,moreirense,Moreirense Futebol Clube,PO1,,,,,,,,,,,
1023,984,west-bromw,West Bromwich Albion,GB1,,,,,,,,,,,
